{
  "math_rmse": {
    "1": 1.0077298569897464,
    "5": 2.1433660534936556,
    "15": 3.5908275101724065,
    "30": 5.416272564106035
  },
  "lstm_rmse_1d": 66.03345138109746,
  "note": "Math RMSE uses GBM expected value proxy; LSTM RMSE is 1-step walk-forward with fixed model."
}