{
  "math_rmse": {
    "1": 0.7818323999222416,
    "5": 1.734189341057857,
    "15": 2.956714872802315,
    "30": 4.087519662450441
  },
  "lstm_rmse_1d": 53.659714560974066,
  "note": "Math RMSE uses GBM expected value proxy; LSTM RMSE is 1-step walk-forward with fixed model."
}