{
  "math_rmse": {
    "1": 1.2301338021051735,
    "5": 2.7193736815024883,
    "15": 4.475483068285977,
    "30": 6.2805322085815805
  },
  "lstm_rmse_1d": 66.60124444163888,
  "note": "Math RMSE uses GBM expected value proxy; LSTM RMSE is 1-step walk-forward with fixed model."
}